nickname,number_undetected,mean_enrichment,logsd_enrichment,se_enrichment
gyrA_mut_D87G,3,1.42317382583048e-05,0.130890026003414,2.43815590618482e-06
envZ_mut_A396T,3,1.48557310854988e-05,0.12138320600387,2.34214563719776e-06
gyrA_mut_S83L,3,1.75677545115501e-05,0.12309963888477,2.86651466005508e-06
folA_mut_F153S,2,1.86713331461727e-05,0.281929552789342,7.45681905190058e-06
ycbZ_mut_S438R,3,2.07605720273868e-05,0.125860822237142,3.51903267549746e-06
marR_ko,3,2.1221156889268e-05,0.119175017708258,3.36669046273511e-06
folA_mut_D27E,3,2.15089376283546e-05,0.121456369070825,3.36405791471182e-06
pgi_ko,3,2.1564957216414e-05,0.129032002486289,3.7699301874357e-06
rpoB_A_1623_T,3,2.17415372560811e-05,0.123367026584747,3.54411470931423e-06
trkH_mut_I143S,3,2.18372730517514e-05,0.118831658561325,3.48471089000808e-06
folA_mut_I94L,2,2.20952765223066e-05,0.305962264058953,8.98314120537348e-06
sbcB_ko,3,2.24710813367544e-05,0.128800539027806,3.81091657174989e-06
trkH_mut_T350K,2,2.34438942172601e-05,0.186841224740737,5.90393823428041e-06
trkH_mut_L80Q,3,2.35507981000109e-05,0.11249087978084,3.51518653468846e-06
rpoB_A_1657_T,3,2.36134760297138e-05,0.132939714859673,4.11431024084547e-06
galK_ko,3,2.36574502942871e-05,0.106347472526961,3.34357052466258e-06
envZ_ko,3,2.37097628821089e-05,0.120294603757448,3.75078238931682e-06
ackA_ko,3,2.40884787255467e-05,0.129808427889641,4.07853956808982e-06
rpoB_A_1657_G,3,2.41636210789264e-05,0.113414751094412,3.58907088276972e-06
folA_ko,2,2.41727842182982e-05,0.0891864259782467,2.76714396764088e-06
recA_KO,3,2.43089699246455e-05,0.113251970977843,3.63998098214e-06
mutL_ko,3,2.56193588496402e-05,0.12798371063806,4.29471060460714e-06
trkH_mut_G84D,3,2.66245219641322e-05,0.125230353120044,4.25095785318521e-06
gyrA_KO,3,2.77731291423534e-05,0.116581137558376,4.22007961292896e-06
rpoB_G_1545_A,2,2.7898077066724e-05,0.25048647444943,9.83492553141546e-06
lacZ_KO,3,2.93202532325063e-05,0.120926337654067,4.68583828544988e-06
folA_mut_P21L,2,3.00080854520704e-05,0.383418517128363,1.61699511874261e-05
rpsL_KO,3,3.07784372294223e-05,0.113230095321171,4.45203892999778e-06
trkH_ko,2,3.13734976316629e-05,0.291374781207001,1.18897092806414e-05
dnaJ_ko,3,3.30504681876734e-05,0.120534497839517,5.31802262225837e-06
soxR_mut_D137E,2,3.39190884393914e-05,0.457512999686812,2.13191988229863e-05
fabA_KO,2,3.47544069140598e-05,0.388124325322607,1.89805407825765e-05
dnaA_ko,3,3.61443110461171e-05,0.111333628775073,5.18753799508117e-06
ptsP_ko,3,3.6225404280019e-05,0.133751684793761,6.33251384671339e-06
folA_mut_W30C,2,3.70523733123923e-05,0.275688903909481,1.44020803414149e-05
dapA_ko,3,3.7704964040546e-05,0.132541296437579,6.54477123848546e-06
typA_ko,3,3.90919867565196e-05,0.113336225346316,5.9445593525031e-06
yciW_ko,2,3.96800049389532e-05,0.296975357611333,1.5576051368872e-05
folA_mut_M20V,1,4.49577910367052e-05,0.0912557389751006,5.60442287725894e-06
wecA_ko,3,4.66064659721369e-05,0.148428025888383,9.68535837391727e-06
evgA_ko,3,4.83741973467319e-05,0.142158818599386,9.49170972149961e-06
yobF_ko,3,5.01425677737129e-05,0.137206631528491,9.4091399191333e-06
mutS_ko,3,5.43203593956007e-05,0.104620831115751,7.22598489319383e-06
galE_ko,3,5.6418630157313e-05,0.130742771625179,9.77901822169549e-06
rpoB_CG_1574_TT,1,6.07337838029582e-05,0.423933978805544,3.10084310988873e-05
marR_mut_V84E,2,7.06954136003894e-05,0.678001395869453,5.78690445051263e-05
dapD_ko,3,7.28115969420708e-05,0.139285598631633,1.31655044101594e-05
mcrA_ko,2,0.000166243536139729,0.53376353810638,0.000117693966702389
folA_mut_W30G,1,0.000374113194202415,1.07627143011806,0.000358575388688061
lacZ_KO2,1,0.000646629157642264,1.00037243357448,0.000605812135679201
rpoB_A_1538_C,0,0.00181348272433415,0.117902349365411,0.000292877593081
recJ_ko,2,0.00768191898176645,1.74923793070962,0.00766003899602761
rpoB_C_1721_A,1,0.0119165713370608,1.54805919413533,0.0116175786293366
rpoB_KO,2,0.0119900408181891,1.92744899022054,0.0119733780077965
endA_ko,2,0.0188091904729693,1.87437367757992,0.0187766846638142
rpoB_A_443_T,0,0.0205168435999292,0.327292988186133,0.00764497222363702
rpoB_A_1714_C,0,0.020713118851614,0.145024661318681,0.00422668369338315
rpoB_G_1545_T,0,0.0246065515524407,1.76134586098997,0.0245327983437364
trkH_mut_L80R,2,0.0310909662945523,2.08748203994131,0.0310670559242756
rpoB_CACTCGGCCCAG_1595_DELETE,0,0.18726214748574,0.288612397863458,0.0668937684913872
rpoB_C_1535_T,0,1.65170655630171,0.132466901172286,0.292629837455793
rpoB_A_1547_G,0,2.98977641528569,0.183142641693939,0.627111939766543
rpoB_C_1576_G,0,8.35374743378719,0.0373019371186338,0.421892682855041
rpoB_C_1576_A,0,15.2537351072377,0.0161638269279525,0.324639859067161
rpoB_G_1546_T,0,19.0804709497414,0.0329850017614758,0.836762419380935
rpoB_C_1576_T,0,26.3371561367961,0.0386201009567947,1.38494263372601
