nickname,rif,color_cat,number_undetected,mean_enrichment,logsd_enrichment,se_enrichment,rank_per_conc
rpoB_A_1538_C,12.5,5,0,0.00181348272433415,0.117902349365411,0.000292877593081,12
rpoB_A_1538_C,25,5,0,0.00268807521286715,0.224362591004114,0.000832577072618155,8
rpoB_A_1538_C,50,5,0,0.00331533156424405,0.072399868873525,0.000330184045158221,11
rpoB_A_1538_C,100,5,0,0.00362467111824171,0.305380810569199,0.00147294824067539,7
rpoB_A_1547_G,12.5,5,0,2.98977641528569,0.183142641693939,0.627111939766543,5
rpoB_A_1547_G,25,5,0,0.753678281058025,0.093410623135989,0.0947881099784112,5
rpoB_A_1547_G,50,5,0,0.0413786755634639,0.582904636852517,0.0295325049995931,6
rpoB_A_1547_G,100,5,0,0.0114839547821542,1.19618583389637,0.0109738663498058,6
rpoB_A_1623_T,12.5,6,3,2.17415372560811e-05,0.123367026584747,3.54411470931423e-06,17
rpoB_A_1623_T,25,6,2,0.000588099917656272,1.01812501078486,0.000558389113285574,9
rpoB_A_1623_T,50,6,3,3.93712076484586e-05,0.0390667855720356,2.09485162185238e-06,16
rpoB_A_1623_T,100,6,3,4.05307350290258e-05,0.122222405864472,6.05213878685867e-06,15
rpoB_A_1657_G,12.5,6,3,2.41636210789264e-05,0.113414751094412,3.58907088276972e-06,15
rpoB_A_1657_G,25,6,3,3.14955189983799e-05,0.0711646347351116,3.05401028085176e-06,13
rpoB_A_1657_G,50,6,2,0.0310946883898112,1.91700191271415,0.0310498116489548,8
rpoB_A_1657_G,100,6,3,4.51094823950574e-05,0.115033974738853,6.32839289255646e-06,11
rpoB_A_1657_T,12.5,6,3,2.36134760297138e-05,0.132939714859673,4.11431024084547e-06,16
rpoB_A_1657_T,25,6,3,3.04833068068683e-05,0.0659685392399742,2.77886851661097e-06,14
rpoB_A_1657_T,50,6,3,4.26127465335459e-05,0.0436646548951075,2.52401194248804e-06,13
rpoB_A_1657_T,100,6,3,4.40219763135279e-05,0.132383458721684,7.0639398719436e-06,13
rpoB_A_1714_C,12.5,5,0,0.020713118851614,0.145024661318681,0.00422668369338315,9
rpoB_A_1714_C,25,5,2,3.49753188741744e-05,0.24001998318703,1.20128131679807e-05,12
rpoB_A_1714_C,50,5,2,4.17021405234929e-05,0.205434181234302,1.23957048100424e-05,15
rpoB_A_1714_C,100,5,2,4.41938128021179e-05,0.268248549574007,1.6294630224077e-05,12
rpoB_A_443_T,12.5,5,0,0.0205168435999292,0.327292988186133,0.00764497222363702,10
rpoB_A_443_T,25,5,1,0.000159705330587526,0.545603920983556,0.000106816393178641,10
rpoB_A_443_T,50,5,2,0.0304368006716875,1.8917259242829,0.0303884927795377,9
rpoB_A_443_T,100,5,2,8.24445898534118e-05,0.332150811242898,3.62742456387285e-05,9
rpoB_C_1535_T,12.5,5,0,1.65170655630171,0.132466901172286,0.292629837455793,6
rpoB_C_1535_T,25,5,0,0.557504420074125,0.126229568886549,0.0976127590507397,6
rpoB_C_1535_T,50,5,0,0.0356674991808138,0.366386317680881,0.0186626626282873,7
rpoB_C_1535_T,100,5,2,0.00153711204524021,1.19927271046457,0.00149778925286997,8
rpoB_C_1576_A,12.5,5,0,15.2537351072377,0.0161638269279525,0.324639859067161,3
rpoB_C_1576_A,25,5,0,15.429158833705,0.0475103114694118,0.946893727666644,3
rpoB_C_1576_A,50,5,0,11.7043884604882,0.0523058852733567,0.79899760338483,3
rpoB_C_1576_A,100,5,0,5.78314520744988,0.0890221553710321,0.645876313581274,4
rpoB_C_1576_G,12.5,6,0,8.35374743378719,0.0373019371186338,0.421892682855041,4
rpoB_C_1576_G,25,6,0,8.05944969035426,0.0511375259739502,0.528559082628274,4
rpoB_C_1576_G,50,6,0,10.4197638698946,0.0440334392051043,0.626656326696728,4
rpoB_C_1576_G,100,6,0,11.7982108488579,0.0295880561771563,0.465101391580641,3
rpoB_C_1576_T,12.5,5,0,26.3371561367961,0.0386201009567947,1.38494263372601,1
rpoB_C_1576_T,25,5,0,29.3106061574517,0.0143959443524002,0.561738738105255,1
rpoB_C_1576_T,50,5,0,34.1325632030364,0.0274917179101337,1.23800426897581,1
rpoB_C_1576_T,100,5,0,40.401534307742,0.0241987424401688,1.31626085372749,1
rpoB_C_1721_A,12.5,5,1,0.0119165713370608,1.54805919413533,0.0116175786293366,11
rpoB_C_1721_A,25,5,2,0.000159276632257533,0.664643842936626,0.00012916229243501,11
rpoB_C_1721_A,50,5,2,5.41247552128708e-05,0.162003942793552,1.23396656641741e-05,12
rpoB_C_1721_A,100,5,2,7.5579928551027e-05,0.360876704895691,3.7652496796194e-05,10
rpoB_CACTCGGCCCAG_1595_DELETE,12.5,5,0,0.18726214748574,0.288612397863458,0.0668937684913872,7
rpoB_CACTCGGCCCAG_1595_DELETE,25,5,0,0.224427344248112,0.0634644362705131,0.0182578849745629,7
rpoB_CACTCGGCCCAG_1595_DELETE,50,5,0,0.0751940116234919,0.131530557055292,0.0118494560684881,5
rpoB_CACTCGGCCCAG_1595_DELETE,100,5,0,0.0164332266929506,0.400493199693203,0.00849730891256013,5
rpoB_CG_1574_TT,12.5,6,1,6.07337838029582e-05,0.423933978805544,3.10084310988873e-05,13
rpoB_CG_1574_TT,25,6,3,2.99787194831562e-05,0.0592755493437968,2.43187761341522e-06,15
rpoB_CG_1574_TT,50,6,3,4.19197698328148e-05,0.0345953786203175,1.97010794217608e-06,14
rpoB_CG_1574_TT,100,6,3,4.31499810858271e-05,0.120272888563345,6.38057096692862e-06,14
rpoB_G_1545_A,12.5,5,2,2.7898077066724e-05,0.25048647444943,9.83492553141546e-06,14
rpoB_G_1545_A,25,5,3,2.08243156419431e-05,0.0642070349227245,1.8342563763103e-06,17
rpoB_G_1545_A,50,5,2,0.0241987785093998,1.95557630478157,0.0241689048393103,10
rpoB_G_1545_A,100,5,3,2.99498571912154e-05,0.121300781804226,4.4378251032121e-06,17
rpoB_G_1545_T,12.5,5,0,0.0246065515524407,1.76134586098997,0.0245327983437364,8
rpoB_G_1545_T,25,5,3,2.27748431483403e-05,0.0656438036591718,2.04619736754081e-06,16
rpoB_G_1545_T,50,5,3,3.18261741702445e-05,0.0404795846625211,1.75475807134169e-06,17
rpoB_G_1545_T,100,5,3,3.27135657364589e-05,0.118944898651616,4.75338446206388e-06,16
rpoB_G_1546_T,12.5,5,0,19.0804709497414,0.0329850017614758,0.836762419380935,2
rpoB_G_1546_T,25,5,0,20.758530186669,0.0225093353424474,0.626032973249232,2
rpoB_G_1546_T,50,5,0,19.2765717407018,0.0616334005331397,1.53699517366971,2
rpoB_G_1546_T,100,5,0,18.440240065433,0.0106568634206803,0.262283706148174,2
