FC_ID,Run Folder, Lane, Library Pool ID, Library Pool Name, Library Id, Library Name, Index, Index Name,Sample_num,expt_set,well_indexed,tx,editing_timepoint,control_status,library,bio.rep,pcr.rep,adapters,howmanyreads_merged
FC_04592,190123_NB502075_0260_AHG5GYAFXY,1,LIB038101,Maxs_1_15_2019,GEN00141766,b18_A1,TCTCACGG-AAGCCATT,1_1-2_1,1,b18,A1,1,2,,,,,,164170
FC_04592,190123_NB502075_0260_AHG5GYAFXY,1,LIB038101,Maxs_1_15_2019,GEN00141767,b18_A2,ACTTGATG-AAGCCATT,1_2-2_1,2,b18,A2,1,2,,,,,,160240
FC_04592,190123_NB502075_0260_AHG5GYAFXY,1,LIB038101,Maxs_1_15_2019,GEN00141768,b18_A3,TCCGTCTT-AAGCCATT,1_3-2_1,3,b18,A3,1,2,,,,,,132047
FC_04592,190123_NB502075_0260_AHG5GYAFXY,1,LIB038101,Maxs_1_15_2019,GEN00141769,b18_A4,TAAGTTCG-AAGCCATT,1_4-2_1,4,b18,A4,1,2,,,,,,132009
FC_04592,190123_NB502075_0260_AHG5GYAFXY,1,LIB038101,Maxs_1_15_2019,GEN00141770,b18_A5,TGTCTATC-AAGCCATT,1_5-2_1,5,b18,A5,7,2,,,,,,127581
FC_04592,190123_NB502075_0260_AHG5GYAFXY,1,LIB038101,Maxs_1_15_2019,GEN00141771,b18_A6,TTCGCACC-AAGCCATT,1_6-2_1,6,b18,A6,7,2,,,,,,122614
FC_04592,190123_NB502075_0260_AHG5GYAFXY,1,LIB038101,Maxs_1_15_2019,GEN00141772,b18_A7,GTAAGGTG-AAGCCATT,1_7-2_1,7,b18,A7,7,2,,,,,,111700
FC_04592,190123_NB502075_0260_AHG5GYAFXY,1,LIB038101,Maxs_1_15_2019,GEN00141773,b18_A8,GGATTAGG-AAGCCATT,1_8-2_1,8,b18,A8,7,2,,,,,,114609
FC_04592,190123_NB502075_0260_AHG5GYAFXY,1,LIB038101,Maxs_1_15_2019,GEN00141774,b18_A9,ATCACGTT-AAGCCATT,1_9-2_1,9,b18,A9,3,2,,,,,,130659
FC_04592,190123_NB502075_0260_AHG5GYAFXY,1,LIB038101,Maxs_1_15_2019,GEN00141775,b18_A10,CTTGTACT-AAGCCATT,1_10-2_1,10,b18,A10,3,2,,,,,,77962
FC_04592,190123_NB502075_0260_AHG5GYAFXY,1,LIB038101,Maxs_1_15_2019,GEN00141776,b18_A11,TCTCGGTT-AAGCCATT,1_11-2_1,11,b18,A11,3,2,,,,,,64746
FC_04592,190123_NB502075_0260_AHG5GYAFXY,1,LIB038101,Maxs_1_15_2019,GEN00141777,b18_A12,TAAGCGTT-AAGCCATT,1_12-2_1,12,b18,A12,3,2,,,,,,49553
FC_04592,190123_NB502075_0260_AHG5GYAFXY,1,LIB038101,Maxs_1_15_2019,GEN00141778,b18_B1,TGTACCTT-AAGCCATT,1_13-2_1,13,b18,B1,0,2,,,,,,103419
FC_04592,190123_NB502075_0260_AHG5GYAFXY,1,LIB038101,Maxs_1_15_2019,GEN00141779,b18_B2,TCTGCTGT-AAGCCATT,1_14-2_1,14,b18,B2,1,2,,,,,,109041
FC_04592,190123_NB502075_0260_AHG5GYAFXY,1,LIB038101,Maxs_1_15_2019,GEN00141780,b18_B3,TTGGAGGT-AAGCCATT,1_15-2_1,15,b18,B3,1,2,,,,,,98361
FC_04592,190123_NB502075_0260_AHG5GYAFXY,1,LIB038101,Maxs_1_15_2019,GEN00141781,b18_B4,TGATACGT-AAGCCATT,1_16-2_1,16,b18,B4,1,2,,,,,,105654
FC_04592,190123_NB502075_0260_AHG5GYAFXY,1,LIB038101,Maxs_1_15_2019,GEN00141782,b18_B5,TGCATAGT-AAGCCATT,1_17-2_1,17,b18,B5,7,2,,,,,,100090
FC_04592,190123_NB502075_0260_AHG5GYAFXY,1,LIB038101,Maxs_1_15_2019,GEN00141783,b18_B6,TTGACTCT-AAGCCATT,1_18-2_1,18,b18,B6,7,2,,,,,,94862
FC_04592,190123_NB502075_0260_AHG5GYAFXY,1,LIB038101,Maxs_1_15_2019,GEN00141784,b18_B7,TTCCTGCT-AAGCCATT,1_19-2_1,19,b18,B7,7,2,,,,,,104715
FC_04592,190123_NB502075_0260_AHG5GYAFXY,1,LIB038101,Maxs_1_15_2019,GEN00141785,b18_B8,TGTGGTTG-AAGCCATT,1_20-2_1,20,b18,B8,7,2,,,,,,103053
FC_04592,190123_NB502075_0260_AHG5GYAFXY,1,LIB038101,Maxs_1_15_2019,GEN00141786,b18_B9,TAGTCTTG-AAGCCATT,1_21-2_1,21,b18,B9,3,2,,,,,,108617
FC_04592,190123_NB502075_0260_AHG5GYAFXY,1,LIB038101,Maxs_1_15_2019,GEN00141787,b18_B10,TTCCATTG-AAGCCATT,1_22-2_1,22,b18,B10,3,2,,,,,,95139
FC_04592,190123_NB502075_0260_AHG5GYAFXY,1,LIB038101,Maxs_1_15_2019,GEN00141788,b18_B11,TCGAAGTG-AAGCCATT,1_23-2_1,23,b18,B11,3,2,,,,,,87812
FC_04592,190123_NB502075_0260_AHG5GYAFXY,1,LIB038101,Maxs_1_15_2019,GEN00141789,b18_B12,TAACGCTG-AAGCCATT,1_24-2_1,24,b18,B12,3,2,,,,,,77149
FC_04592,190123_NB502075_0260_AHG5GYAFXY,1,LIB038101,Maxs_1_15_2019,GEN00141790,b18_C1,TTGGTATG-AAGCCATT,1_25-2_1,25,b18,C1,2,2,,,,,,91259
FC_04592,190123_NB502075_0260_AHG5GYAFXY,1,LIB038101,Maxs_1_15_2019,GEN00141791,b18_C2,TGAACTGG-AAGCCATT,1_26-2_1,26,b18,C2,2,2,,,,,,101894
FC_04592,190123_NB502075_0260_AHG5GYAFXY,1,LIB038101,Maxs_1_15_2019,GEN00141792,b18_C3,TACTTCGG-AAGCCATT,1_27-2_1,27,b18,C3,2,2,,,,,,109071
FC_04592,190123_NB502075_0260_AHG5GYAFXY,1,LIB038101,Maxs_1_15_2019,GEN00141793,b18_C4,TCAGGAGG-AAGCCATT,1_28-2_1,28,b18,C4,2,2,,,,,,98968
FC_04592,190123_NB502075_0260_AHG5GYAFXY,1,LIB038101,Maxs_1_15_2019,GEN00141794,b18_C5,TGTATGCG-AAGCCATT,1_29-2_1,29,b18,C5,8,2,,,,,,89671
FC_04592,190123_NB502075_0260_AHG5GYAFXY,1,LIB038101,Maxs_1_15_2019,GEN00141795,b18_C6,TGGCTCAG-AAGCCATT,1_30-2_1,30,b18,C6,8,2,,,,,,91833
FC_04592,190123_NB502075_0260_AHG5GYAFXY,1,LIB038101,Maxs_1_15_2019,GEN00141796,b18_C7,TATGCCAG-AAGCCATT,1_31-2_1,31,b18,C7,8,2,,,,,,97078
FC_04592,190123_NB502075_0260_AHG5GYAFXY,1,LIB038101,Maxs_1_15_2019,GEN00141797,b18_C8,TCAGATTC-AAGCCATT,1_32-2_1,32,b18,C8,8,2,,,,,,100568
FC_04592,190123_NB502075_0260_AHG5GYAFXY,1,LIB038101,Maxs_1_15_2019,GEN00141798,b18_C9,TTCAGCTC-AAGCCATT,1_33-2_1,33,b18,C9,10,2,,,,,,106347
FC_04592,190123_NB502075_0260_AHG5GYAFXY,1,LIB038101,Maxs_1_15_2019,GEN00141799,b18_C10,TATGTGGC-AAGCCATT,1_34-2_1,34,b18,C10,10,2,,,,,,106164
FC_04592,190123_NB502075_0260_AHG5GYAFXY,1,LIB038101,Maxs_1_15_2019,GEN00141800,b18_C11,TTACTCGC-AAGCCATT,1_35-2_1,35,b18,C11,10,2,,,,,,112368
FC_04592,190123_NB502075_0260_AHG5GYAFXY,1,LIB038101,Maxs_1_15_2019,GEN00141801,b18_C12,TCGTTAGC-AAGCCATT,1_36-2_1,36,b18,C12,10,2,,,,,,107587
FC_04592,190123_NB502075_0260_AHG5GYAFXY,1,LIB038101,Maxs_1_15_2019,GEN00141802,b18_D1,TACCGAGC-AAGCCATT,1_37-2_1,37,b18,D1,2,2,,,,,,103665
FC_04592,190123_NB502075_0260_AHG5GYAFXY,1,LIB038101,Maxs_1_15_2019,GEN00141803,b18_D2,TGTTCTCC-AAGCCATT,1_38-2_1,38,b18,D2,2,2,,,,,,100705
FC_04592,190123_NB502075_0260_AHG5GYAFXY,1,LIB038101,Maxs_1_15_2019,GEN00141804,b18_D3,TTGCGTAC-AAGCCATT,1_39-2_1,39,b18,D3,2,2,,,,,,90849
FC_04592,190123_NB502075_0260_AHG5GYAFXY,1,LIB038101,Maxs_1_15_2019,GEN00141805,b18_D4,TCTACGAC-AAGCCATT,1_40-2_1,40,b18,D4,2,2,,,,,,95172
FC_04592,190123_NB502075_0260_AHG5GYAFXY,1,LIB038101,Maxs_1_15_2019,GEN00141806,b18_D5,TGACAGAC-AAGCCATT,1_41-2_1,41,b18,D5,8,2,,,,,,87627
FC_04592,190123_NB502075_0260_AHG5GYAFXY,1,LIB038101,Maxs_1_15_2019,GEN00141807,b18_D6,TCATCCTA-AAGCCATT,1_42-2_1,42,b18,D6,8,2,,,,,,90223
FC_04592,190123_NB502075_0260_AHG5GYAFXY,1,LIB038101,Maxs_1_15_2019,GEN00141808,b18_D7,TGCTGATA-AAGCCATT,1_43-2_1,43,b18,D7,8,2,,,,,,62537
FC_04592,190123_NB502075_0260_AHG5GYAFXY,1,LIB038101,Maxs_1_15_2019,GEN00141809,b18_D8,TAGACGGA-AAGCCATT,1_44-2_1,44,b18,D8,8,2,,,,,,59195
FC_04592,190123_NB502075_0260_AHG5GYAFXY,1,LIB038101,Maxs_1_15_2019,GEN00141810,b18_D9,TGTGAAGA-AAGCCATT,1_45-2_1,45,b18,D9,10,2,,,,,,78268
FC_04592,190123_NB502075_0260_AHG5GYAFXY,1,LIB038101,Maxs_1_15_2019,GEN00141811,b18_D10,TCTCTTCA-AAGCCATT,1_46-2_1,46,b18,D10,10,2,,,,,,66943
FC_04592,190123_NB502075_0260_AHG5GYAFXY,1,LIB038101,Maxs_1_15_2019,GEN00141812,b18_D11,TTGTTCCA-AAGCCATT,1_47-2_1,47,b18,D11,10,2,,,,,,60600
FC_04592,190123_NB502075_0260_AHG5GYAFXY,1,LIB038101,Maxs_1_15_2019,GEN00141813,b18_D12,TGAAGCCA-AAGCCATT,1_48-2_1,48,b18,D12,10,2,,,,,,44062
FC_04592,190123_NB502075_0260_AHG5GYAFXY,1,LIB038101,Maxs_1_15_2019,GEN00141814,b18_E1,TACCACCA-TTCGGTAA,1_49-2_2,49,b18,E1,12,2,,,,,,112113
FC_04592,190123_NB502075_0260_AHG5GYAFXY,1,LIB038101,Maxs_1_15_2019,GEN00141815,b18_E2,TGCGTGAA-TTCGGTAA,1_50-2_2,50,b18,E2,12,2,,,,,,105840
FC_04592,190123_NB502075_0260_AHG5GYAFXY,1,LIB038101,Maxs_1_15_2019,GEN00141816,b18_E3,GACGGATT-TTCGGTAA,1_51-2_2,51,b18,E3,12,2,,,,,,101802
FC_04592,190123_NB502075_0260_AHG5GYAFXY,1,LIB038101,Maxs_1_15_2019,GEN00141817,b18_E4,GCAACATT-TTCGGTAA,1_52-2_2,52,b18,E4,12,2,,,,,,99339
FC_04592,190123_NB502075_0260_AHG5GYAFXY,1,LIB038101,Maxs_1_15_2019,GEN00141818,b18_E5,GGTCGTGT-TTCGGTAA,1_53-2_2,53,b18,E5,13,2,,,,,,103956
FC_04592,190123_NB502075_0260_AHG5GYAFXY,1,LIB038101,Maxs_1_15_2019,GEN00141819,b18_E6,GAATCTGT-TTCGGTAA,1_54-2_2,54,b18,E6,13,2,,,,,,102811
FC_04592,190123_NB502075_0260_AHG5GYAFXY,1,LIB038101,Maxs_1_15_2019,GEN00141820,b18_E7,GTACATCT-TTCGGTAA,1_55-2_2,55,b18,E7,13,2,,,,,,96028
FC_04592,190123_NB502075_0260_AHG5GYAFXY,1,LIB038101,Maxs_1_15_2019,GEN00141821,b18_E8,GCTCCTTG-TTCGGTAA,1_56-2_2,56,b18,E8,13,2,,,,,,115509
FC_04592,190123_NB502075_0260_AHG5GYAFXY,1,LIB038101,Maxs_1_15_2019,GEN00141822,b18_E9,GAGGATGG-TTCGGTAA,1_57-2_2,57,b18,E9,14,2,,,,,,109144
FC_04592,190123_NB502075_0260_AHG5GYAFXY,1,LIB038101,Maxs_1_15_2019,GEN00141823,b18_E10,GTTGTCGG-TTCGGTAA,1_58-2_2,58,b18,E10,14,2,,,,,,97972
FC_04592,190123_NB502075_0260_AHG5GYAFXY,1,LIB038101,Maxs_1_15_2019,GEN00141824,b18_E11,GATAGAGG-TTCGGTAA,1_59-2_2,59,b18,E11,14,2,,,,,,106957
FC_04592,190123_NB502075_0260_AHG5GYAFXY,1,LIB038101,Maxs_1_15_2019,GEN00141825,b18_E12,GTGTGTCG-TTCGGTAA,1_60-2_2,60,b18,E12,14,2,,,,,,100411
FC_04592,190123_NB502075_0260_AHG5GYAFXY,1,LIB038101,Maxs_1_15_2019,GEN00141826,b18_F1,GCAATCCG-TTCGGTAA,1_61-2_2,61,b18,F1,0,2,,,,,,110457
FC_04592,190123_NB502075_0260_AHG5GYAFXY,1,LIB038101,Maxs_1_15_2019,GEN00141827,b18_F2,GCCTGTTC-TTCGGTAA,1_62-2_2,62,b18,F2,12,2,,,,,,97091
FC_04592,190123_NB502075_0260_AHG5GYAFXY,1,LIB038101,Maxs_1_15_2019,GEN00141828,b18_F3,GCACTGTC-TTCGGTAA,1_63-2_2,63,b18,F3,12,2,,,,,,90684
FC_04592,190123_NB502075_0260_AHG5GYAFXY,1,LIB038101,Maxs_1_15_2019,GEN00141829,b18_F4,GCTAACTC-TTCGGTAA,1_64-2_2,64,b18,F4,12,2,,,,,,90509
FC_04592,190123_NB502075_0260_AHG5GYAFXY,1,LIB038101,Maxs_1_15_2019,GEN00141830,b18_F5,GATTCATC-TTCGGTAA,1_65-2_2,65,b18,F5,13,2,,,,,,86344
FC_04592,190123_NB502075_0260_AHG5GYAFXY,1,LIB038101,Maxs_1_15_2019,GEN00141831,b18_F6,GTCTTGGC-TTCGGTAA,1_66-2_2,66,b18,F6,13,2,,,,,,79396
FC_04592,190123_NB502075_0260_AHG5GYAFXY,1,LIB038101,Maxs_1_15_2019,GEN00141832,b18_F7,TAGCTTGT-TTCGGTAA,1_67-2_2,67,b18,F7,13,2,,,,,,91466
FC_04592,190123_NB502075_0260_AHG5GYAFXY,1,LIB038101,Maxs_1_15_2019,GEN00141833,b18_F8,CGATGTTT-TTCGGTAA,1_68-2_2,68,b18,F8,13,2,,,,,,99654
FC_04592,190123_NB502075_0260_AHG5GYAFXY,1,LIB038101,Maxs_1_15_2019,GEN00141834,b18_F9,GCCAATGT-TTCGGTAA,1_69-2_2,69,b18,F9,14,2,,,,,,98906
FC_04592,190123_NB502075_0260_AHG5GYAFXY,1,LIB038101,Maxs_1_15_2019,GEN00141835,b18_F10,ACAGTGGT-TTCGGTAA,1_70-2_2,70,b18,F10,14,2,,,,,,97911
FC_04592,190123_NB502075_0260_AHG5GYAFXY,1,LIB038101,Maxs_1_15_2019,GEN00141836,b18_F11,GATCAGCG-TTCGGTAA,1_71-2_2,71,b18,F11,14,2,,,,,,98401
FC_04592,190123_NB502075_0260_AHG5GYAFXY,1,LIB038101,Maxs_1_15_2019,GEN00141837,b18_F12,CAGATCTG-TTCGGTAA,1_72-2_2,72,b18,F12,14,2,,,,,,98510
FC_04592,190123_NB502075_0260_AHG5GYAFXY,1,LIB038101,Maxs_1_15_2019,GEN00141838,b18_G1,GGCTACAG-TTCGGTAA,1_73-2_2,73,b18,G1,18,2,,,,,,186271
FC_04592,190123_NB502075_0260_AHG5GYAFXY,1,LIB038101,Maxs_1_15_2019,GEN00141839,b18_G2,TGACCACT-TTCGGTAA,1_74-2_2,74,b18,G2,18,2,,,,,,215312
FC_04592,190123_NB502075_0260_AHG5GYAFXY,1,LIB038101,Maxs_1_15_2019,GEN00141840,b18_G3,TGGTTGTT-TTCGGTAA,1_75-2_2,75,b18,G3,18,2,,,,,,238488
FC_04592,190123_NB502075_0260_AHG5GYAFXY,1,LIB038101,Maxs_1_15_2019,GEN00141841,b18_G4,TTCTGTGT-TTCGGTAA,1_76-2_2,76,b18,G4,18,2,,,,,,228620
FC_04592,190123_NB502075_0260_AHG5GYAFXY,1,LIB038101,Maxs_1_15_2019,GEN00141842,b18_G5,TCGAGCGT-TTCGGTAA,1_77-2_2,77,b18,G5,19,2,,,,,,224765
FC_04592,190123_NB502075_0260_AHG5GYAFXY,1,LIB038101,Maxs_1_15_2019,GEN00141843,b18_G6,TGCGATCT-TTCGGTAA,1_78-2_2,78,b18,G6,19,2,,,,,,218173
FC_04592,190123_NB502075_0260_AHG5GYAFXY,1,LIB038101,Maxs_1_15_2019,GEN00141844,b18_G7,TAGTGACT-TTCGGTAA,1_79-2_2,79,b18,G7,19,2,,,,,,219158
FC_04592,190123_NB502075_0260_AHG5GYAFXY,1,LIB038101,Maxs_1_15_2019,GEN00141845,b18_G8,TCCAGTCG-TTCGGTAA,1_80-2_2,80,b18,G8,19,2,,,,,,224256
FC_04592,190123_NB502075_0260_AHG5GYAFXY,1,LIB038101,Maxs_1_15_2019,GEN00141846,b18_G9,TCATTGAG-TTCGGTAA,1_81-2_2,81,b18,G9,19,2,,,,,,205539
FC_04592,190123_NB502075_0260_AHG5GYAFXY,1,LIB038101,Maxs_1_15_2019,GEN00141847,b18_G10,TACTAGTC-TTCGGTAA,1_82-2_2,82,b18,G10,21,2,,,,,,240021
FC_04592,190123_NB502075_0260_AHG5GYAFXY,1,LIB038101,Maxs_1_15_2019,GEN00141848,b18_G11,TAGAACAC-TTCGGTAA,1_83-2_2,83,b18,G11,21,2,,,,,,228503
FC_04592,190123_NB502075_0260_AHG5GYAFXY,1,LIB038101,Maxs_1_15_2019,GEN00141849,b18_G12,GGTGAGTT-TTCGGTAA,1_84-2_2,84,b18,G12,21,2,,,,,,230575
FC_04592,190123_NB502075_0260_AHG5GYAFXY,1,LIB038101,Maxs_1_15_2019,GEN00141850,b18_H1,GTGTCCTT-TTCGGTAA,1_85-2_2,85,b18,H1,18,2,,,,,,84499
FC_04592,190123_NB502075_0260_AHG5GYAFXY,1,LIB038101,Maxs_1_15_2019,GEN00141851,b18_H2,GAGGTGCT-TTCGGTAA,1_86-2_2,86,b18,H2,18,2,,,,,,115900
FC_04592,190123_NB502075_0260_AHG5GYAFXY,1,LIB038101,Maxs_1_15_2019,GEN00141852,b18_H3,GCATGGCT-TTCGGTAA,1_87-2_2,87,b18,H3,18,2,,,,,,119372
FC_04592,190123_NB502075_0260_AHG5GYAFXY,1,LIB038101,Maxs_1_15_2019,GEN00141853,b18_H4,GTTAGCCT-TTCGGTAA,1_88-2_2,88,b18,H4,18,2,,,,,,121743
FC_04592,190123_NB502075_0260_AHG5GYAFXY,1,LIB038101,Maxs_1_15_2019,GEN00141854,b18_H5,GGAATGAT-TTCGGTAA,1_89-2_2,89,b18,H5,19,2,,,,,,114919
FC_04592,190123_NB502075_0260_AHG5GYAFXY,1,LIB038101,Maxs_1_15_2019,GEN00141855,b18_H6,GACCTTAG-TTCGGTAA,1_90-2_2,90,b18,H6,19,2,,,,,,113526
FC_04592,190123_NB502075_0260_AHG5GYAFXY,1,LIB038101,Maxs_1_15_2019,GEN00141856,b18_H7,TTAGGCAT-TTCGGTAA,1_91-2_2,91,b18,H7,19,2,,,,,,100220
FC_04592,190123_NB502075_0260_AHG5GYAFXY,1,LIB038101,Maxs_1_15_2019,GEN00141857,b18_H8,TCCTCAAT-TTCGGTAA,1_92-2_2,92,b18,H8,21,2,,,,,,120726
FC_04592,190123_NB502075_0260_AHG5GYAFXY,1,LIB038101,Maxs_1_15_2019,GEN00141858,b18_H9,GATCTCTT-TTCGGTAA,1_93-2_2,93,b18,H9,21,2,,,,,,108146
FC_04592,190123_NB502075_0260_AHG5GYAFXY,1,LIB038101,Maxs_1_15_2019,GEN00141859,b18_H10,GTCGCTAT-TTCGGTAA,1_94-2_2,94,b18,H10,21,2,,,,,,114626
FC_04592,190123_NB502075_0260_AHG5GYAFXY,1,LIB038101,Maxs_1_15_2019,GEN00141860,b18_H11,GAGCCAAT-TTCGGTAA,1_95-2_2,95,b18,H11,21,2,,,,,,112243
FC_04592,190123_NB502075_0260_AHG5GYAFXY,1,LIB038101,Maxs_1_15_2019,GEN00141861,b18_H12,TACAGGAT-TTCGGTAA,1_96-2_2,96,b18,H12,21,2,,,,,,114089
FC_04592,190123_NB502075_0260_AHG5GYAFXY,1,LIB038101,Maxs_1_15_2019,GEN00141862,b19_A1,TCTCACGG-TATAGCCT,1_1-2_3,97,b19,A1,1,1,,,,,,90629
FC_04592,190123_NB502075_0260_AHG5GYAFXY,1,LIB038101,Maxs_1_15_2019,GEN00141863,b19_A2,ACTTGATG-TATAGCCT,1_2-2_3,98,b19,A2,1,1,,,,,,129782
FC_04592,190123_NB502075_0260_AHG5GYAFXY,1,LIB038101,Maxs_1_15_2019,GEN00141864,b19_A3,TCCGTCTT-TATAGCCT,1_3-2_3,99,b19,A3,1,1,,,,,,140102
FC_04592,190123_NB502075_0260_AHG5GYAFXY,1,LIB038101,Maxs_1_15_2019,GEN00141865,b19_A4,TAAGTTCG-TATAGCCT,1_4-2_3,100,b19,A4,1,1,,,,,,147894
FC_04592,190123_NB502075_0260_AHG5GYAFXY,1,LIB038101,Maxs_1_15_2019,GEN00141866,b19_A5,TGTCTATC-TATAGCCT,1_5-2_3,101,b19,A5,1,1,,,,,,144822
FC_04592,190123_NB502075_0260_AHG5GYAFXY,1,LIB038101,Maxs_1_15_2019,GEN00141867,b19_A6,TTCGCACC-TATAGCCT,1_6-2_3,102,b19,A6,1,1,,,,,,145541
FC_04592,190123_NB502075_0260_AHG5GYAFXY,1,LIB038101,Maxs_1_15_2019,GEN00141868,b19_A7,GTAAGGTG-TATAGCCT,1_7-2_3,103,b19,A7,8,1,,,,,,137406
FC_04592,190123_NB502075_0260_AHG5GYAFXY,1,LIB038101,Maxs_1_15_2019,GEN00141869,b19_A8,GGATTAGG-TATAGCCT,1_8-2_3,104,b19,A8,8,1,,,,,,125953
FC_04592,190123_NB502075_0260_AHG5GYAFXY,1,LIB038101,Maxs_1_15_2019,GEN00141870,b19_A9,ATCACGTT-TATAGCCT,1_9-2_3,105,b19,A9,8,1,,,,,,136597
FC_04592,190123_NB502075_0260_AHG5GYAFXY,1,LIB038101,Maxs_1_15_2019,GEN00141871,b19_A10,CTTGTACT-TATAGCCT,1_10-2_3,106,b19,A10,8,1,,,,,,130000
FC_04592,190123_NB502075_0260_AHG5GYAFXY,1,LIB038101,Maxs_1_15_2019,GEN00141872,b19_A11,TCTCGGTT-TATAGCCT,1_11-2_3,107,b19,A11,8,1,,,,,,123618
FC_04592,190123_NB502075_0260_AHG5GYAFXY,1,LIB038101,Maxs_1_15_2019,GEN00141873,b19_A12,TAAGCGTT-TATAGCCT,1_12-2_3,108,b19,A12,8,1,,,,,,121351
FC_04592,190123_NB502075_0260_AHG5GYAFXY,1,LIB038101,Maxs_1_15_2019,GEN00141874,b19_B1,TGTACCTT-TATAGCCT,1_13-2_3,109,b19,B1,2,1,,,,,,140483
FC_04592,190123_NB502075_0260_AHG5GYAFXY,1,LIB038101,Maxs_1_15_2019,GEN00141875,b19_B2,TCTGCTGT-TATAGCCT,1_14-2_3,110,b19,B2,2,1,,,,,,135684
FC_04592,190123_NB502075_0260_AHG5GYAFXY,1,LIB038101,Maxs_1_15_2019,GEN00141876,b19_B3,TTGGAGGT-TATAGCCT,1_15-2_3,111,b19,B3,2,1,,,,,,140408
FC_04592,190123_NB502075_0260_AHG5GYAFXY,1,LIB038101,Maxs_1_15_2019,GEN00141877,b19_B4,TGATACGT-TATAGCCT,1_16-2_3,112,b19,B4,2,1,,,,,,155904
FC_04592,190123_NB502075_0260_AHG5GYAFXY,1,LIB038101,Maxs_1_15_2019,GEN00141878,b19_B5,TGCATAGT-TATAGCCT,1_17-2_3,113,b19,B5,2,1,,,,,,152463
FC_04592,190123_NB502075_0260_AHG5GYAFXY,1,LIB038101,Maxs_1_15_2019,GEN00141879,b19_B6,TTGACTCT-TATAGCCT,1_18-2_3,114,b19,B6,2,1,,,,,,166111
FC_04592,190123_NB502075_0260_AHG5GYAFXY,1,LIB038101,Maxs_1_15_2019,GEN00141880,b19_B7,TTCCTGCT-TATAGCCT,1_19-2_3,115,b19,B7,9,1,,,,,,149667
FC_04592,190123_NB502075_0260_AHG5GYAFXY,1,LIB038101,Maxs_1_15_2019,GEN00141881,b19_B8,TGTGGTTG-TATAGCCT,1_20-2_3,116,b19,B8,9,1,,,,,,147005
FC_04592,190123_NB502075_0260_AHG5GYAFXY,1,LIB038101,Maxs_1_15_2019,GEN00141882,b19_B9,TAGTCTTG-TATAGCCT,1_21-2_3,117,b19,B9,9,1,,,,,,136320
FC_04592,190123_NB502075_0260_AHG5GYAFXY,1,LIB038101,Maxs_1_15_2019,GEN00141883,b19_B10,TTCCATTG-TATAGCCT,1_22-2_3,118,b19,B10,9,1,,,,,,153168
FC_04592,190123_NB502075_0260_AHG5GYAFXY,1,LIB038101,Maxs_1_15_2019,GEN00141884,b19_B11,TCGAAGTG-TATAGCCT,1_23-2_3,119,b19,B11,9,1,,,,,,142015
FC_04592,190123_NB502075_0260_AHG5GYAFXY,1,LIB038101,Maxs_1_15_2019,GEN00141885,b19_B12,TAACGCTG-TATAGCCT,1_24-2_3,120,b19,B12,9,1,,,,,,140716
FC_04592,190123_NB502075_0260_AHG5GYAFXY,1,LIB038101,Maxs_1_15_2019,GEN00141886,b19_C1,TTGGTATG-TATAGCCT,1_25-2_3,121,b19,C1,4,1,,,,,,65053
FC_04592,190123_NB502075_0260_AHG5GYAFXY,1,LIB038101,Maxs_1_15_2019,GEN00141887,b19_C2,TGAACTGG-TATAGCCT,1_26-2_3,122,b19,C2,4,1,,,,,,74479
FC_04592,190123_NB502075_0260_AHG5GYAFXY,1,LIB038101,Maxs_1_15_2019,GEN00141888,b19_C3,TACTTCGG-TATAGCCT,1_27-2_3,123,b19,C3,4,1,,,,,,93642
FC_04592,190123_NB502075_0260_AHG5GYAFXY,1,LIB038101,Maxs_1_15_2019,GEN00141889,b19_C4,TCAGGAGG-TATAGCCT,1_28-2_3,124,b19,C4,4,1,,,,,,99146
FC_04592,190123_NB502075_0260_AHG5GYAFXY,1,LIB038101,Maxs_1_15_2019,GEN00141890,b19_C5,TGTATGCG-TATAGCCT,1_29-2_3,125,b19,C5,4,1,,,,,,93165
FC_04592,190123_NB502075_0260_AHG5GYAFXY,1,LIB038101,Maxs_1_15_2019,GEN00141891,b19_C6,TGGCTCAG-TATAGCCT,1_30-2_3,126,b19,C6,4,1,,,,,,105875
FC_04592,190123_NB502075_0260_AHG5GYAFXY,1,LIB038101,Maxs_1_15_2019,GEN00141892,b19_C7,TATGCCAG-TATAGCCT,1_31-2_3,127,b19,C7,11,1,,,,,,104834
FC_04592,190123_NB502075_0260_AHG5GYAFXY,1,LIB038101,Maxs_1_15_2019,GEN00141893,b19_C8,TCAGATTC-TATAGCCT,1_32-2_3,128,b19,C8,11,1,,,,,,125108
FC_04592,190123_NB502075_0260_AHG5GYAFXY,1,LIB038101,Maxs_1_15_2019,GEN00141894,b19_C9,TTCAGCTC-TATAGCCT,1_33-2_3,129,b19,C9,11,1,,,,,,124414
FC_04592,190123_NB502075_0260_AHG5GYAFXY,1,LIB038101,Maxs_1_15_2019,GEN00141895,b19_C10,TATGTGGC-TATAGCCT,1_34-2_3,130,b19,C10,11,1,,,,,,108692
FC_04592,190123_NB502075_0260_AHG5GYAFXY,1,LIB038101,Maxs_1_15_2019,GEN00141896,b19_C11,TTACTCGC-TATAGCCT,1_35-2_3,131,b19,C11,11,1,,,,,,123339
FC_04592,190123_NB502075_0260_AHG5GYAFXY,1,LIB038101,Maxs_1_15_2019,GEN00141897,b19_C12,TCGTTAGC-TATAGCCT,1_36-2_3,132,b19,C12,11,1,,,,,,112410
FC_04592,190123_NB502075_0260_AHG5GYAFXY,1,LIB038101,Maxs_1_15_2019,GEN00141898,b19_D1,TACCGAGC-TATAGCCT,1_37-2_3,133,b19,D1,5,1,,,,,,79822
FC_04592,190123_NB502075_0260_AHG5GYAFXY,1,LIB038101,Maxs_1_15_2019,GEN00141899,b19_D2,TGTTCTCC-TATAGCCT,1_38-2_3,134,b19,D2,5,1,,,,,,89443
FC_04592,190123_NB502075_0260_AHG5GYAFXY,1,LIB038101,Maxs_1_15_2019,GEN00141900,b19_D3,TTGCGTAC-TATAGCCT,1_39-2_3,135,b19,D3,5,1,,,,,,88571
FC_04592,190123_NB502075_0260_AHG5GYAFXY,1,LIB038101,Maxs_1_15_2019,GEN00141901,b19_D4,TCTACGAC-TATAGCCT,1_40-2_3,136,b19,D4,5,1,,,,,,107962
FC_04592,190123_NB502075_0260_AHG5GYAFXY,1,LIB038101,Maxs_1_15_2019,GEN00141902,b19_D5,TGACAGAC-TATAGCCT,1_41-2_3,137,b19,D5,5,1,,,,,,104867
FC_04592,190123_NB502075_0260_AHG5GYAFXY,1,LIB038101,Maxs_1_15_2019,GEN00141903,b19_D6,TCATCCTA-TATAGCCT,1_42-2_3,138,b19,D6,5,1,,,,,,96719
FC_04592,190123_NB502075_0260_AHG5GYAFXY,1,LIB038101,Maxs_1_15_2019,GEN00141904,b19_D7,TGCTGATA-TATAGCCT,1_43-2_3,139,b19,D7,12,1,,,,,,94885
FC_04592,190123_NB502075_0260_AHG5GYAFXY,1,LIB038101,Maxs_1_15_2019,GEN00141905,b19_D8,TAGACGGA-TATAGCCT,1_44-2_3,140,b19,D8,12,1,,,,,,98641
FC_04592,190123_NB502075_0260_AHG5GYAFXY,1,LIB038101,Maxs_1_15_2019,GEN00141906,b19_D9,TGTGAAGA-TATAGCCT,1_45-2_3,141,b19,D9,12,1,,,,,,112195
FC_04592,190123_NB502075_0260_AHG5GYAFXY,1,LIB038101,Maxs_1_15_2019,GEN00141907,b19_D10,TCTCTTCA-TATAGCCT,1_46-2_3,142,b19,D10,12,1,,,,,,114160
FC_04592,190123_NB502075_0260_AHG5GYAFXY,1,LIB038101,Maxs_1_15_2019,GEN00141908,b19_D11,TTGTTCCA-TATAGCCT,1_47-2_3,143,b19,D11,12,1,,,,,,97680
FC_04592,190123_NB502075_0260_AHG5GYAFXY,1,LIB038101,Maxs_1_15_2019,GEN00141909,b19_D12,TGAAGCCA-TATAGCCT,1_48-2_3,144,b19,D12,12,1,,,,,,101981
FC_04592,190123_NB502075_0260_AHG5GYAFXY,1,LIB038101,Maxs_1_15_2019,GEN00141910,b19_E1,TACCACCA-ATAGAGGC,1_49-2_4,145,b19,E1,1,2,,,,,,117279
FC_04592,190123_NB502075_0260_AHG5GYAFXY,1,LIB038101,Maxs_1_15_2019,GEN00141911,b19_E2,TGCGTGAA-ATAGAGGC,1_50-2_4,146,b19,E2,1,2,,,,,,127062
FC_04592,190123_NB502075_0260_AHG5GYAFXY,1,LIB038101,Maxs_1_15_2019,GEN00141912,b19_E3,GACGGATT-ATAGAGGC,1_51-2_4,147,b19,E3,1,2,,,,,,125039
FC_04592,190123_NB502075_0260_AHG5GYAFXY,1,LIB038101,Maxs_1_15_2019,GEN00141913,b19_E4,GCAACATT-ATAGAGGC,1_52-2_4,148,b19,E4,1,2,,,,,,113510
FC_04592,190123_NB502075_0260_AHG5GYAFXY,1,LIB038101,Maxs_1_15_2019,GEN00141914,b19_E5,GGTCGTGT-ATAGAGGC,1_53-2_4,149,b19,E5,1,2,,,,,,124677
FC_04592,190123_NB502075_0260_AHG5GYAFXY,1,LIB038101,Maxs_1_15_2019,GEN00141915,b19_E6,GAATCTGT-ATAGAGGC,1_54-2_4,150,b19,E6,1,2,,,,,,115963
FC_04592,190123_NB502075_0260_AHG5GYAFXY,1,LIB038101,Maxs_1_15_2019,GEN00141916,b19_E7,GTACATCT-ATAGAGGC,1_55-2_4,151,b19,E7,8,2,,,,,,103874
FC_04592,190123_NB502075_0260_AHG5GYAFXY,1,LIB038101,Maxs_1_15_2019,GEN00141917,b19_E8,GCTCCTTG-ATAGAGGC,1_56-2_4,152,b19,E8,8,2,,,,,,110047
FC_04592,190123_NB502075_0260_AHG5GYAFXY,1,LIB038101,Maxs_1_15_2019,GEN00141918,b19_E9,GAGGATGG-ATAGAGGC,1_57-2_4,153,b19,E9,8,2,,,,,,118273
FC_04592,190123_NB502075_0260_AHG5GYAFXY,1,LIB038101,Maxs_1_15_2019,GEN00141919,b19_E10,GTTGTCGG-ATAGAGGC,1_58-2_4,154,b19,E10,8,2,,,,,,135085
FC_04592,190123_NB502075_0260_AHG5GYAFXY,1,LIB038101,Maxs_1_15_2019,GEN00141920,b19_E11,GATAGAGG-ATAGAGGC,1_59-2_4,155,b19,E11,8,2,,,,,,142608
FC_04592,190123_NB502075_0260_AHG5GYAFXY,1,LIB038101,Maxs_1_15_2019,GEN00141921,b19_E12,GTGTGTCG-ATAGAGGC,1_60-2_4,156,b19,E12,8,2,,,,,,122389
FC_04592,190123_NB502075_0260_AHG5GYAFXY,1,LIB038101,Maxs_1_15_2019,GEN00141922,b19_F1,GCAATCCG-ATAGAGGC,1_61-2_4,157,b19,F1,2,2,,,,,,94484
FC_04592,190123_NB502075_0260_AHG5GYAFXY,1,LIB038101,Maxs_1_15_2019,GEN00141923,b19_F2,GCCTGTTC-ATAGAGGC,1_62-2_4,158,b19,F2,2,2,,,,,,106411
FC_04592,190123_NB502075_0260_AHG5GYAFXY,1,LIB038101,Maxs_1_15_2019,GEN00141924,b19_F3,GCACTGTC-ATAGAGGC,1_63-2_4,159,b19,F3,2,2,,,,,,113634
FC_04592,190123_NB502075_0260_AHG5GYAFXY,1,LIB038101,Maxs_1_15_2019,GEN00141925,b19_F4,GCTAACTC-ATAGAGGC,1_64-2_4,160,b19,F4,2,2,,,,,,121361
FC_04592,190123_NB502075_0260_AHG5GYAFXY,1,LIB038101,Maxs_1_15_2019,GEN00141926,b19_F5,GATTCATC-ATAGAGGC,1_65-2_4,161,b19,F5,2,2,,,,,,117190
FC_04592,190123_NB502075_0260_AHG5GYAFXY,1,LIB038101,Maxs_1_15_2019,GEN00141927,b19_F6,GTCTTGGC-ATAGAGGC,1_66-2_4,162,b19,F6,2,2,,,,,,108105
FC_04592,190123_NB502075_0260_AHG5GYAFXY,1,LIB038101,Maxs_1_15_2019,GEN00141928,b19_F7,TAGCTTGT-ATAGAGGC,1_67-2_4,163,b19,F7,9,2,,,,,,125401
FC_04592,190123_NB502075_0260_AHG5GYAFXY,1,LIB038101,Maxs_1_15_2019,GEN00141929,b19_F8,CGATGTTT-ATAGAGGC,1_68-2_4,164,b19,F8,9,2,,,,,,112615
FC_04592,190123_NB502075_0260_AHG5GYAFXY,1,LIB038101,Maxs_1_15_2019,GEN00141930,b19_F9,GCCAATGT-ATAGAGGC,1_69-2_4,165,b19,F9,9,2,,,,,,121164
FC_04592,190123_NB502075_0260_AHG5GYAFXY,1,LIB038101,Maxs_1_15_2019,GEN00141931,b19_F10,ACAGTGGT-ATAGAGGC,1_70-2_4,166,b19,F10,9,2,,,,,,109110
FC_04592,190123_NB502075_0260_AHG5GYAFXY,1,LIB038101,Maxs_1_15_2019,GEN00141932,b19_F11,GATCAGCG-ATAGAGGC,1_71-2_4,167,b19,F11,9,2,,,,,,144985
FC_04592,190123_NB502075_0260_AHG5GYAFXY,1,LIB038101,Maxs_1_15_2019,GEN00141933,b19_F12,CAGATCTG-ATAGAGGC,1_72-2_4,168,b19,F12,9,2,,,,,,140296
FC_04592,190123_NB502075_0260_AHG5GYAFXY,1,LIB038101,Maxs_1_15_2019,GEN00141934,b19_G1,GGCTACAG-ATAGAGGC,1_73-2_4,169,b19,G1,4,2,,,,,,72943
FC_04592,190123_NB502075_0260_AHG5GYAFXY,1,LIB038101,Maxs_1_15_2019,GEN00141935,b19_G2,TGACCACT-ATAGAGGC,1_74-2_4,170,b19,G2,4,2,,,,,,81611
FC_04592,190123_NB502075_0260_AHG5GYAFXY,1,LIB038101,Maxs_1_15_2019,GEN00141936,b19_G3,TGGTTGTT-ATAGAGGC,1_75-2_4,171,b19,G3,4,2,,,,,,90000
FC_04592,190123_NB502075_0260_AHG5GYAFXY,1,LIB038101,Maxs_1_15_2019,GEN00141937,b19_G4,TTCTGTGT-ATAGAGGC,1_76-2_4,172,b19,G4,4,2,,,,,,91681
FC_04592,190123_NB502075_0260_AHG5GYAFXY,1,LIB038101,Maxs_1_15_2019,GEN00141938,b19_G5,TCGAGCGT-ATAGAGGC,1_77-2_4,173,b19,G5,4,2,,,,,,108443
FC_04592,190123_NB502075_0260_AHG5GYAFXY,1,LIB038101,Maxs_1_15_2019,GEN00141939,b19_G6,TGCGATCT-ATAGAGGC,1_78-2_4,174,b19,G6,4,2,,,,,,98187
FC_04592,190123_NB502075_0260_AHG5GYAFXY,1,LIB038101,Maxs_1_15_2019,GEN00141940,b19_G7,TAGTGACT-ATAGAGGC,1_79-2_4,175,b19,G7,11,2,,,,,,99288
FC_04592,190123_NB502075_0260_AHG5GYAFXY,1,LIB038101,Maxs_1_15_2019,GEN00141941,b19_G8,TCCAGTCG-ATAGAGGC,1_80-2_4,176,b19,G8,11,2,,,,,,97900
FC_04592,190123_NB502075_0260_AHG5GYAFXY,1,LIB038101,Maxs_1_15_2019,GEN00141942,b19_G9,TCATTGAG-ATAGAGGC,1_81-2_4,177,b19,G9,11,2,,,,,,112426
FC_04592,190123_NB502075_0260_AHG5GYAFXY,1,LIB038101,Maxs_1_15_2019,GEN00141943,b19_G10,TACTAGTC-ATAGAGGC,1_82-2_4,178,b19,G10,11,2,,,,,,114665
FC_04592,190123_NB502075_0260_AHG5GYAFXY,1,LIB038101,Maxs_1_15_2019,GEN00141944,b19_G11,TAGAACAC-ATAGAGGC,1_83-2_4,179,b19,G11,11,2,,,,,,113349
FC_04592,190123_NB502075_0260_AHG5GYAFXY,1,LIB038101,Maxs_1_15_2019,GEN00141945,b19_G12,GGTGAGTT-ATAGAGGC,1_84-2_4,180,b19,G12,11,2,,,,,,121950
FC_04592,190123_NB502075_0260_AHG5GYAFXY,1,LIB038101,Maxs_1_15_2019,GEN00141946,b19_H1,GTGTCCTT-ATAGAGGC,1_85-2_4,181,b19,H1,5,2,,,,,,88275
FC_04592,190123_NB502075_0260_AHG5GYAFXY,1,LIB038101,Maxs_1_15_2019,GEN00141947,b19_H2,GAGGTGCT-ATAGAGGC,1_86-2_4,182,b19,H2,5,2,,,,,,97318
FC_04592,190123_NB502075_0260_AHG5GYAFXY,1,LIB038101,Maxs_1_15_2019,GEN00141948,b19_H3,GCATGGCT-ATAGAGGC,1_87-2_4,183,b19,H3,5,2,,,,,,108395
FC_04592,190123_NB502075_0260_AHG5GYAFXY,1,LIB038101,Maxs_1_15_2019,GEN00141949,b19_H4,GTTAGCCT-ATAGAGGC,1_88-2_4,184,b19,H4,5,2,,,,,,118951
FC_04592,190123_NB502075_0260_AHG5GYAFXY,1,LIB038101,Maxs_1_15_2019,GEN00141950,b19_H5,GGAATGAT-ATAGAGGC,1_89-2_4,185,b19,H5,5,2,,,,,,130225
FC_04592,190123_NB502075_0260_AHG5GYAFXY,1,LIB038101,Maxs_1_15_2019,GEN00141951,b19_H6,GACCTTAG-ATAGAGGC,1_90-2_4,186,b19,H6,5,2,,,,,,118059
FC_04592,190123_NB502075_0260_AHG5GYAFXY,1,LIB038101,Maxs_1_15_2019,GEN00141952,b19_H7,TTAGGCAT-ATAGAGGC,1_91-2_4,187,b19,H7,12,2,,,,,,107115
FC_04592,190123_NB502075_0260_AHG5GYAFXY,1,LIB038101,Maxs_1_15_2019,GEN00141953,b19_H8,TCCTCAAT-ATAGAGGC,1_92-2_4,188,b19,H8,12,2,,,,,,123493
FC_04592,190123_NB502075_0260_AHG5GYAFXY,1,LIB038101,Maxs_1_15_2019,GEN00141954,b19_H9,GATCTCTT-ATAGAGGC,1_93-2_4,189,b19,H9,12,2,,,,,,122517
FC_04592,190123_NB502075_0260_AHG5GYAFXY,1,LIB038101,Maxs_1_15_2019,GEN00141955,b19_H10,GTCGCTAT-ATAGAGGC,1_94-2_4,190,b19,H10,12,2,,,,,,129254
FC_04592,190123_NB502075_0260_AHG5GYAFXY,1,LIB038101,Maxs_1_15_2019,GEN00141956,b19_H11,GAGCCAAT-ATAGAGGC,1_95-2_4,191,b19,H11,12,2,,,,,,122842
FC_04592,190123_NB502075_0260_AHG5GYAFXY,1,LIB038101,Maxs_1_15_2019,GEN00141957,b19_H12,TACAGGAT-ATAGAGGC,1_96-2_4,192,b19,H12,12,2,,,,,,120400
FC_04592,190123_NB502075_0260_AHG5GYAFXY,1,LIB038101,Maxs_1_15_2019,GEN00141958,b22_A1,TCTCACGG-CAGGACGT,1_1-2_9,193,b22,A1,1,2,,,,,,159766
FC_04592,190123_NB502075_0260_AHG5GYAFXY,1,LIB038101,Maxs_1_15_2019,GEN00141959,b22_A2,ACTTGATG-CAGGACGT,1_2-2_9,194,b22,A2,1,2,,,,,,174019
FC_04592,190123_NB502075_0260_AHG5GYAFXY,1,LIB038101,Maxs_1_15_2019,GEN00141960,b22_A3,TCCGTCTT-CAGGACGT,1_3-2_9,195,b22,A3,1,2,,,,,,180809
FC_04592,190123_NB502075_0260_AHG5GYAFXY,1,LIB038101,Maxs_1_15_2019,GEN00141961,b22_A4,TAAGTTCG-CAGGACGT,1_4-2_9,196,b22,A4,1,2,,,,,,181920
FC_04592,190123_NB502075_0260_AHG5GYAFXY,1,LIB038101,Maxs_1_15_2019,GEN00141962,b22_A5,TGTCTATC-CAGGACGT,1_5-2_9,197,b22,A5,1,2,,,,,,179623
FC_04592,190123_NB502075_0260_AHG5GYAFXY,1,LIB038101,Maxs_1_15_2019,GEN00141963,b22_A6,TTCGCACC-CAGGACGT,1_6-2_9,198,b22,A6,1,2,,,,,,174952
FC_04592,190123_NB502075_0260_AHG5GYAFXY,1,LIB038101,Maxs_1_15_2019,GEN00141964,b22_A7,GTAAGGTG-CAGGACGT,1_7-2_9,199,b22,A7,1,2,,,,,,173639
FC_04592,190123_NB502075_0260_AHG5GYAFXY,1,LIB038101,Maxs_1_15_2019,GEN00141965,b22_A8,GGATTAGG-CAGGACGT,1_8-2_9,200,b22,A8,1,2,,,,,,161141
FC_04592,190123_NB502075_0260_AHG5GYAFXY,1,LIB038101,Maxs_1_15_2019,GEN00141966,b22_A9,ATCACGTT-CAGGACGT,1_9-2_9,201,b22,A9,4,2,,,,,,161220
FC_04592,190123_NB502075_0260_AHG5GYAFXY,1,LIB038101,Maxs_1_15_2019,GEN00141967,b22_A10,CTTGTACT-CAGGACGT,1_10-2_9,202,b22,A10,4,2,,,,,,159297
FC_04592,190123_NB502075_0260_AHG5GYAFXY,1,LIB038101,Maxs_1_15_2019,GEN00141968,b22_A11,TCTCGGTT-CAGGACGT,1_11-2_9,203,b22,A11,4,2,,,,,,148664
FC_04592,190123_NB502075_0260_AHG5GYAFXY,1,LIB038101,Maxs_1_15_2019,GEN00141969,b22_A12,TAAGCGTT-CAGGACGT,1_12-2_9,204,b22,A12,4,2,,,,,,140096
FC_04592,190123_NB502075_0260_AHG5GYAFXY,1,LIB038101,Maxs_1_15_2019,GEN00141970,b22_B1,TGTACCTT-CAGGACGT,1_13-2_9,205,b22,B1,7,2,,,,,,197597
FC_04592,190123_NB502075_0260_AHG5GYAFXY,1,LIB038101,Maxs_1_15_2019,GEN00141971,b22_B2,TCTGCTGT-CAGGACGT,1_14-2_9,206,b22,B2,7,2,,,,,,198682
FC_04592,190123_NB502075_0260_AHG5GYAFXY,1,LIB038101,Maxs_1_15_2019,GEN00141972,b22_B3,TTGGAGGT-CAGGACGT,1_15-2_9,207,b22,B3,7,2,,,,,,202876
FC_04592,190123_NB502075_0260_AHG5GYAFXY,1,LIB038101,Maxs_1_15_2019,GEN00141973,b22_B4,TGATACGT-CAGGACGT,1_16-2_9,208,b22,B4,7,2,,,,,,195298
FC_04592,190123_NB502075_0260_AHG5GYAFXY,1,LIB038101,Maxs_1_15_2019,GEN00141974,b22_B5,TGCATAGT-CAGGACGT,1_17-2_9,209,b22,B5,7,2,,,,,,183600
FC_04592,190123_NB502075_0260_AHG5GYAFXY,1,LIB038101,Maxs_1_15_2019,GEN00141975,b22_B6,TTGACTCT-CAGGACGT,1_18-2_9,210,b22,B6,7,2,,,,,,185916
FC_04592,190123_NB502075_0260_AHG5GYAFXY,1,LIB038101,Maxs_1_15_2019,GEN00141976,b22_B7,TTCCTGCT-CAGGACGT,1_19-2_9,211,b22,B7,7,2,,,,,,184378
FC_04592,190123_NB502075_0260_AHG5GYAFXY,1,LIB038101,Maxs_1_15_2019,GEN00141977,b22_B8,TGTGGTTG-CAGGACGT,1_20-2_9,212,b22,B8,7,2,,,,,,169390
FC_04592,190123_NB502075_0260_AHG5GYAFXY,1,LIB038101,Maxs_1_15_2019,GEN00141978,b22_B9,TAGTCTTG-CAGGACGT,1_21-2_9,213,b22,B9,4,2,,,,,,169348
FC_04592,190123_NB502075_0260_AHG5GYAFXY,1,LIB038101,Maxs_1_15_2019,GEN00141979,b22_B10,TTCCATTG-CAGGACGT,1_22-2_9,214,b22,B10,4,2,,,,,,159844
FC_04592,190123_NB502075_0260_AHG5GYAFXY,1,LIB038101,Maxs_1_15_2019,GEN00141980,b22_B11,TCGAAGTG-CAGGACGT,1_23-2_9,215,b22,B11,4,2,,,,,,151383
FC_04592,190123_NB502075_0260_AHG5GYAFXY,1,LIB038101,Maxs_1_15_2019,GEN00141981,b22_B12,TAACGCTG-CAGGACGT,1_24-2_9,216,b22,B12,4,2,,,,,,129561
FC_04592,190123_NB502075_0260_AHG5GYAFXY,1,LIB038101,Maxs_1_15_2019,GEN00141982,b22_C1,TTGGTATG-CAGGACGT,1_25-2_9,217,b22,C1,10,2,,,,,,230703
FC_04592,190123_NB502075_0260_AHG5GYAFXY,1,LIB038101,Maxs_1_15_2019,GEN00141983,b22_C2,TGAACTGG-CAGGACGT,1_26-2_9,218,b22,C2,10,2,,,,,,214716
FC_04592,190123_NB502075_0260_AHG5GYAFXY,1,LIB038101,Maxs_1_15_2019,GEN00141984,b22_C3,TACTTCGG-CAGGACGT,1_27-2_9,219,b22,C3,10,2,,,,,,186498
FC_04592,190123_NB502075_0260_AHG5GYAFXY,1,LIB038101,Maxs_1_15_2019,GEN00141985,b22_C4,TCAGGAGG-CAGGACGT,1_28-2_9,220,b22,C4,10,2,,,,,,213961
FC_04592,190123_NB502075_0260_AHG5GYAFXY,1,LIB038101,Maxs_1_15_2019,GEN00141986,b22_C5,TGTATGCG-CAGGACGT,1_29-2_9,221,b22,C5,10,2,,,,,,223985
FC_04592,190123_NB502075_0260_AHG5GYAFXY,1,LIB038101,Maxs_1_15_2019,GEN00141987,b22_C6,TGGCTCAG-CAGGACGT,1_30-2_9,222,b22,C6,10,2,,,,,,217344
FC_04592,190123_NB502075_0260_AHG5GYAFXY,1,LIB038101,Maxs_1_15_2019,GEN00141988,b22_C7,TATGCCAG-CAGGACGT,1_31-2_9,223,b22,C7,10,2,,,,,,218793
FC_04592,190123_NB502075_0260_AHG5GYAFXY,1,LIB038101,Maxs_1_15_2019,GEN00141989,b22_C8,TCAGATTC-CAGGACGT,1_32-2_9,224,b22,C8,10,2,,,,,,226026
FC_04592,190123_NB502075_0260_AHG5GYAFXY,1,LIB038101,Maxs_1_15_2019,GEN00141990,b22_C9,TTCAGCTC-CAGGACGT,1_33-2_9,225,b22,C9,13,2,,,,,,215950
FC_04592,190123_NB502075_0260_AHG5GYAFXY,1,LIB038101,Maxs_1_15_2019,GEN00141991,b22_C10,TATGTGGC-CAGGACGT,1_34-2_9,226,b22,C10,13,2,,,,,,201703
FC_04592,190123_NB502075_0260_AHG5GYAFXY,1,LIB038101,Maxs_1_15_2019,GEN00141992,b22_C11,TTACTCGC-CAGGACGT,1_35-2_9,227,b22,C11,13,2,,,,,,197344
FC_04592,190123_NB502075_0260_AHG5GYAFXY,1,LIB038101,Maxs_1_15_2019,GEN00141993,b22_C12,TCGTTAGC-CAGGACGT,1_36-2_9,228,b22,C12,13,2,,,,,,195193
FC_04592,190123_NB502075_0260_AHG5GYAFXY,1,LIB038101,Maxs_1_15_2019,GEN00141994,b22_D1,TACCGAGC-CAGGACGT,1_37-2_9,229,b22,D1,13,2,,,,,,172723
FC_04592,190123_NB502075_0260_AHG5GYAFXY,1,LIB038101,Maxs_1_15_2019,GEN00141995,b22_D2,TGTTCTCC-CAGGACGT,1_38-2_9,230,b22,D2,13,2,,,,,,173701
FC_04592,190123_NB502075_0260_AHG5GYAFXY,1,LIB038101,Maxs_1_15_2019,GEN00141996,b22_D3,TTGCGTAC-CAGGACGT,1_39-2_9,231,b22,D3,13,2,,,,,,168702
FC_04592,190123_NB502075_0260_AHG5GYAFXY,1,LIB038101,Maxs_1_15_2019,GEN00141997,b22_D4,TCTACGAC-CAGGACGT,1_40-2_9,232,b22,D4,13,2,,,,,,198237
FC_04592,190123_NB502075_0260_AHG5GYAFXY,1,LIB038101,Maxs_1_15_2019,GEN00141998,b22_D5,TGACAGAC-CAGGACGT,1_41-2_9,233,b22,D5,13,2,,,,,,183728
FC_04592,190123_NB502075_0260_AHG5GYAFXY,1,LIB038101,Maxs_1_15_2019,GEN00141999,b22_D6,TCATCCTA-CAGGACGT,1_42-2_9,234,b22,D6,13,2,,,,,,186659
FC_04592,190123_NB502075_0260_AHG5GYAFXY,1,LIB038101,Maxs_1_15_2019,GEN00142000,b22_D7,TGCTGATA-CAGGACGT,1_43-2_9,235,b22,D7,2,2,background,,,,,179563
FC_04592,190123_NB502075_0260_AHG5GYAFXY,1,LIB038101,Maxs_1_15_2019,GEN00142001,b22_D8,TAGACGGA-CAGGACGT,1_44-2_9,236,b22,D8,5,2,background,,,,,173205
FC_04592,190123_NB502075_0260_AHG5GYAFXY,1,LIB038101,Maxs_1_15_2019,GEN00142002,b22_D9,TGTGAAGA-CAGGACGT,1_45-2_9,237,b22,D9,8,2,background,,,,,167957
FC_04592,190123_NB502075_0260_AHG5GYAFXY,1,LIB038101,Maxs_1_15_2019,GEN00142003,b22_D10,TCTCTTCA-CAGGACGT,1_46-2_9,238,b22,D10,11,2,background,,,,,161193
FC_04592,190123_NB502075_0260_AHG5GYAFXY,1,LIB038101,Maxs_1_15_2019,GEN00142004,b22_D11,TTGTTCCA-CAGGACGT,1_47-2_9,239,b22,D11,14,2,background,,,,,158818
FC_04592,190123_NB502075_0260_AHG5GYAFXY,1,LIB038101,Maxs_1_15_2019,GEN00142005,b22_D12,TGAAGCCA-CAGGACGT,1_48-2_9,240,b22,D12,0,2,background,,,,,49
FC_04592,190123_NB502075_0260_AHG5GYAFXY,1,LIB038101,Maxs_1_15_2019,GEN00142006,b22_E1,TACCACCA-GTACTGAC,1_49-2_10,241,b22,E1,2,2,,,,,,188612
FC_04592,190123_NB502075_0260_AHG5GYAFXY,1,LIB038101,Maxs_1_15_2019,GEN00142007,b22_E2,TGCGTGAA-GTACTGAC,1_50-2_10,242,b22,E2,2,2,,,,,,191585
FC_04592,190123_NB502075_0260_AHG5GYAFXY,1,LIB038101,Maxs_1_15_2019,GEN00142008,b22_E3,GACGGATT-GTACTGAC,1_51-2_10,243,b22,E3,2,2,,,,,,191970
FC_04592,190123_NB502075_0260_AHG5GYAFXY,1,LIB038101,Maxs_1_15_2019,GEN00142009,b22_E4,GCAACATT-GTACTGAC,1_52-2_10,244,b22,E4,2,2,,,,,,191434
FC_04592,190123_NB502075_0260_AHG5GYAFXY,1,LIB038101,Maxs_1_15_2019,GEN00142010,b22_E5,GGTCGTGT-GTACTGAC,1_53-2_10,245,b22,E5,2,2,,,,,,189836
FC_04592,190123_NB502075_0260_AHG5GYAFXY,1,LIB038101,Maxs_1_15_2019,GEN00142011,b22_E6,GAATCTGT-GTACTGAC,1_54-2_10,246,b22,E6,2,2,,,,,,190855
FC_04592,190123_NB502075_0260_AHG5GYAFXY,1,LIB038101,Maxs_1_15_2019,GEN00142012,b22_E7,GTACATCT-GTACTGAC,1_55-2_10,247,b22,E7,2,2,,,,,,184445
FC_04592,190123_NB502075_0260_AHG5GYAFXY,1,LIB038101,Maxs_1_15_2019,GEN00142013,b22_E8,GCTCCTTG-GTACTGAC,1_56-2_10,248,b22,E8,2,2,,,,,,178714
FC_04592,190123_NB502075_0260_AHG5GYAFXY,1,LIB038101,Maxs_1_15_2019,GEN00142014,b22_E9,GAGGATGG-GTACTGAC,1_57-2_10,249,b22,E9,5,2,,,,,,171590
FC_04592,190123_NB502075_0260_AHG5GYAFXY,1,LIB038101,Maxs_1_15_2019,GEN00142015,b22_E10,GTTGTCGG-GTACTGAC,1_58-2_10,250,b22,E10,5,2,,,,,,170618
FC_04592,190123_NB502075_0260_AHG5GYAFXY,1,LIB038101,Maxs_1_15_2019,GEN00142016,b22_E11,GATAGAGG-GTACTGAC,1_59-2_10,251,b22,E11,5,2,,,,,,141222
FC_04592,190123_NB502075_0260_AHG5GYAFXY,1,LIB038101,Maxs_1_15_2019,GEN00142017,b22_E12,GTGTGTCG-GTACTGAC,1_60-2_10,252,b22,E12,5,2,,,,,,152770
FC_04592,190123_NB502075_0260_AHG5GYAFXY,1,LIB038101,Maxs_1_15_2019,GEN00142018,b22_F1,GCAATCCG-GTACTGAC,1_61-2_10,253,b22,F1,8,2,,,,,,187959
FC_04592,190123_NB502075_0260_AHG5GYAFXY,1,LIB038101,Maxs_1_15_2019,GEN00142019,b22_F2,GCCTGTTC-GTACTGAC,1_62-2_10,254,b22,F2,8,2,,,,,,170453
FC_04592,190123_NB502075_0260_AHG5GYAFXY,1,LIB038101,Maxs_1_15_2019,GEN00142020,b22_F3,GCACTGTC-GTACTGAC,1_63-2_10,255,b22,F3,8,2,,,,,,167186
FC_04592,190123_NB502075_0260_AHG5GYAFXY,1,LIB038101,Maxs_1_15_2019,GEN00142021,b22_F4,GCTAACTC-GTACTGAC,1_64-2_10,256,b22,F4,8,2,,,,,,176544
FC_04592,190123_NB502075_0260_AHG5GYAFXY,1,LIB038101,Maxs_1_15_2019,GEN00142022,b22_F5,GATTCATC-GTACTGAC,1_65-2_10,257,b22,F5,8,2,,,,,,179139
FC_04592,190123_NB502075_0260_AHG5GYAFXY,1,LIB038101,Maxs_1_15_2019,GEN00142023,b22_F6,GTCTTGGC-GTACTGAC,1_66-2_10,258,b22,F6,8,2,,,,,,164490
FC_04592,190123_NB502075_0260_AHG5GYAFXY,1,LIB038101,Maxs_1_15_2019,GEN00142024,b22_F7,TAGCTTGT-GTACTGAC,1_67-2_10,259,b22,F7,8,2,,,,,,173059
FC_04592,190123_NB502075_0260_AHG5GYAFXY,1,LIB038101,Maxs_1_15_2019,GEN00142025,b22_F8,CGATGTTT-GTACTGAC,1_68-2_10,260,b22,F8,8,2,,,,,,169061
FC_04592,190123_NB502075_0260_AHG5GYAFXY,1,LIB038101,Maxs_1_15_2019,GEN00142026,b22_F9,GCCAATGT-GTACTGAC,1_69-2_10,261,b22,F9,5,2,,,,,,167039
FC_04592,190123_NB502075_0260_AHG5GYAFXY,1,LIB038101,Maxs_1_15_2019,GEN00142027,b22_F10,ACAGTGGT-GTACTGAC,1_70-2_10,262,b22,F10,5,2,,,,,,153863
FC_04592,190123_NB502075_0260_AHG5GYAFXY,1,LIB038101,Maxs_1_15_2019,GEN00142028,b22_F11,GATCAGCG-GTACTGAC,1_71-2_10,263,b22,F11,5,2,,,,,,134791
FC_04592,190123_NB502075_0260_AHG5GYAFXY,1,LIB038101,Maxs_1_15_2019,GEN00142029,b22_F12,CAGATCTG-GTACTGAC,1_72-2_10,264,b22,F12,5,2,,,,,,132830
FC_04592,190123_NB502075_0260_AHG5GYAFXY,1,LIB038101,Maxs_1_15_2019,GEN00142030,b22_G1,GGCTACAG-GTACTGAC,1_73-2_10,265,b22,G1,11,2,,,,,,180065
FC_04592,190123_NB502075_0260_AHG5GYAFXY,1,LIB038101,Maxs_1_15_2019,GEN00142031,b22_G2,TGACCACT-GTACTGAC,1_74-2_10,266,b22,G2,11,2,,,,,,189185
FC_04592,190123_NB502075_0260_AHG5GYAFXY,1,LIB038101,Maxs_1_15_2019,GEN00142032,b22_G3,TGGTTGTT-GTACTGAC,1_75-2_10,267,b22,G3,11,2,,,,,,171798
FC_04592,190123_NB502075_0260_AHG5GYAFXY,1,LIB038101,Maxs_1_15_2019,GEN00142033,b22_G4,TTCTGTGT-GTACTGAC,1_76-2_10,268,b22,G4,11,2,,,,,,167453
FC_04592,190123_NB502075_0260_AHG5GYAFXY,1,LIB038101,Maxs_1_15_2019,GEN00142034,b22_G5,TCGAGCGT-GTACTGAC,1_77-2_10,269,b22,G5,11,2,,,,,,160740
FC_04592,190123_NB502075_0260_AHG5GYAFXY,1,LIB038101,Maxs_1_15_2019,GEN00142035,b22_G6,TGCGATCT-GTACTGAC,1_78-2_10,270,b22,G6,11,2,,,,,,146668
FC_04592,190123_NB502075_0260_AHG5GYAFXY,1,LIB038101,Maxs_1_15_2019,GEN00142036,b22_G7,TAGTGACT-GTACTGAC,1_79-2_10,271,b22,G7,11,2,,,,,,70100
FC_04592,190123_NB502075_0260_AHG5GYAFXY,1,LIB038101,Maxs_1_15_2019,GEN00142037,b22_G8,TCCAGTCG-GTACTGAC,1_80-2_10,272,b22,G8,11,2,,,,,,119234
FC_04592,190123_NB502075_0260_AHG5GYAFXY,1,LIB038101,Maxs_1_15_2019,GEN00142038,b22_G9,TCATTGAG-GTACTGAC,1_81-2_10,273,b22,G9,14,2,,,,,,139314
FC_04592,190123_NB502075_0260_AHG5GYAFXY,1,LIB038101,Maxs_1_15_2019,GEN00142039,b22_G10,TACTAGTC-GTACTGAC,1_82-2_10,274,b22,G10,14,2,,,,,,142365
FC_04592,190123_NB502075_0260_AHG5GYAFXY,1,LIB038101,Maxs_1_15_2019,GEN00142040,b22_G11,TAGAACAC-GTACTGAC,1_83-2_10,275,b22,G11,14,2,,,,,,112977
FC_04592,190123_NB502075_0260_AHG5GYAFXY,1,LIB038101,Maxs_1_15_2019,GEN00142041,b22_G12,GGTGAGTT-GTACTGAC,1_84-2_10,276,b22,G12,14,2,,,,,,113907
FC_04592,190123_NB502075_0260_AHG5GYAFXY,1,LIB038101,Maxs_1_15_2019,GEN00142042,b22_H1,GTGTCCTT-GTACTGAC,1_85-2_10,277,b22,H1,14,2,,,,,,161341
FC_04592,190123_NB502075_0260_AHG5GYAFXY,1,LIB038101,Maxs_1_15_2019,GEN00142043,b22_H2,GAGGTGCT-GTACTGAC,1_86-2_10,278,b22,H2,14,2,,,,,,169674
FC_04592,190123_NB502075_0260_AHG5GYAFXY,1,LIB038101,Maxs_1_15_2019,GEN00142044,b22_H3,GCATGGCT-GTACTGAC,1_87-2_10,279,b22,H3,14,2,,,,,,164735
FC_04592,190123_NB502075_0260_AHG5GYAFXY,1,LIB038101,Maxs_1_15_2019,GEN00142045,b22_H4,GTTAGCCT-GTACTGAC,1_88-2_10,280,b22,H4,14,2,,,,,,173239
FC_04592,190123_NB502075_0260_AHG5GYAFXY,1,LIB038101,Maxs_1_15_2019,GEN00142046,b22_H5,GGAATGAT-GTACTGAC,1_89-2_10,281,b22,H5,14,2,,,,,,171802
FC_04592,190123_NB502075_0260_AHG5GYAFXY,1,LIB038101,Maxs_1_15_2019,GEN00142047,b22_H6,GACCTTAG-GTACTGAC,1_90-2_10,282,b22,H6,14,2,,,,,,156471
FC_04592,190123_NB502075_0260_AHG5GYAFXY,1,LIB038101,Maxs_1_15_2019,GEN00142048,b22_H7,TTAGGCAT-GTACTGAC,1_91-2_10,283,b22,H7,1,2,background,,,,,111304
FC_04592,190123_NB502075_0260_AHG5GYAFXY,1,LIB038101,Maxs_1_15_2019,GEN00142049,b22_H8,TCCTCAAT-GTACTGAC,1_92-2_10,284,b22,H8,4,2,background,,,,,146097
FC_04592,190123_NB502075_0260_AHG5GYAFXY,1,LIB038101,Maxs_1_15_2019,GEN00142050,b22_H9,GATCTCTT-GTACTGAC,1_93-2_10,285,b22,H9,7,2,background,,,,,117793
FC_04592,190123_NB502075_0260_AHG5GYAFXY,1,LIB038101,Maxs_1_15_2019,GEN00142051,b22_H10,GTCGCTAT-GTACTGAC,1_94-2_10,286,b22,H10,10,2,background,,,,,136843
FC_04592,190123_NB502075_0260_AHG5GYAFXY,1,LIB038101,Maxs_1_15_2019,GEN00142052,b22_H11,GAGCCAAT-GTACTGAC,1_95-2_10,287,b22,H11,13,2,background,,,,,149522
FC_04592,190123_NB502075_0260_AHG5GYAFXY,1,LIB038101,Maxs_1_15_2019,GEN00142053,b22_H12,TACAGGAT-GTACTGAC,1_96-2_10,288,b22,H12,0,2,background,,,,,26
FC_04592,190123_NB502075_0260_AHG5GYAFXY,1,LIB038101,Maxs_1_15_2019,GEN00142054,c18_A1,TCTCACGG-CCTATCCT,1_1-2_5,289,c18,A1,,,,,,,,2840576
FC_04592,190123_NB502075_0260_AHG5GYAFXY,1,LIB038101,Maxs_1_15_2019,GEN00142055,c18_A2,ACTTGATG-CCTATCCT,1_2-2_5,290,c18,A2,,,,,,,,17809210
FC_04592,190123_NB502075_0260_AHG5GYAFXY,1,LIB038101,Maxs_1_15_2019,GEN00142056,c18_A3,TCCGTCTT-CCTATCCT,1_3-2_5,291,c18,A3,,,,,,,,2868564
FC_04592,190123_NB502075_0260_AHG5GYAFXY,1,LIB038101,Maxs_1_15_2019,GEN00142057,c18_A4,TAAGTTCG-CCTATCCT,1_4-2_5,292,c18,A4,,,,,,,,9038454
FC_04592,190123_NB502075_0260_AHG5GYAFXY,1,LIB038101,Maxs_1_15_2019,GEN00142058,c18_A5,TGTCTATC-CCTATCCT,1_5-2_5,293,c18,A5,,,,,,,,9686796
FC_04592,190123_NB502075_0260_AHG5GYAFXY,1,LIB038101,Maxs_1_15_2019,GEN00142059,c18_A6,TTCGCACC-CCTATCCT,1_6-2_5,294,c18,A6,,,,,,,,17458402
FC_04592,190123_NB502075_0260_AHG5GYAFXY,1,LIB038101,Maxs_1_15_2019,GEN00142060,c18_A7,GTAAGGTG-GGCTCTGA,1_7-2_6,295,c18,A7,,,,,,,,548773
FC_04592,190123_NB502075_0260_AHG5GYAFXY,1,LIB038101,Maxs_1_15_2019,GEN00142061,c18_A8,GGATTAGG-GGCTCTGA,1_8-2_6,296,c18,A8,,,,,,,,2387933
FC_04592,190123_NB502075_0260_AHG5GYAFXY,1,LIB038101,Maxs_1_15_2019,GEN00142062,c18_A9,ATCACGTT-GGCTCTGA,1_9-2_6,297,c18,A9,,,,,,,,2304836
FC_04592,190123_NB502075_0260_AHG5GYAFXY,1,LIB038101,Maxs_1_15_2019,GEN00142063,c18_A10,CTTGTACT-GGCTCTGA,1_10-2_6,298,c18,A10,,,,,,,,1248309
FC_04592,190123_NB502075_0260_AHG5GYAFXY,1,LIB038101,Maxs_1_15_2019,GEN00142064,c18_A11,TCTCGGTT-GGCTCTGA,1_11-2_6,299,c18,A11,,,,,,,,1663540
FC_04592,190123_NB502075_0260_AHG5GYAFXY,1,LIB038101,Maxs_1_15_2019,GEN00142065,c18_A12,TAAGCGTT-GGCTCTGA,1_12-2_6,300,c18,A12,,,,,,,,2020650
FC_04592,190123_NB502075_0260_AHG5GYAFXY,1,LIB038101,Maxs_1_15_2019,GEN00142066,c18_B1,TGTACCTT-AGGCGAAG,1_13-2_7,301,c18,B1,,,,,,,,1945896
FC_04592,190123_NB502075_0260_AHG5GYAFXY,1,LIB038101,Maxs_1_15_2019,GEN00142067,c18_B2,TCTGCTGT-AGGCGAAG,1_14-2_7,302,c18,B2,,,,,,,,1971310
FC_04592,190123_NB502075_0260_AHG5GYAFXY,1,LIB038101,Maxs_1_15_2019,GEN00142068,c18_B3,TTGGAGGT-AGGCGAAG,1_15-2_7,303,c18,B3,,,,,,,,2725277
FC_04592,190123_NB502075_0260_AHG5GYAFXY,1,LIB038101,Maxs_1_15_2019,GEN00142069,c18_B4,TGATACGT-AGGCGAAG,1_16-2_7,304,c18,B4,,,,,,,,3446585
FC_04592,190123_NB502075_0260_AHG5GYAFXY,1,LIB038101,Maxs_1_15_2019,GEN00142070,c18_B5,TGCATAGT-AGGCGAAG,1_17-2_7,305,c18,B5,,,,,,,,2716629
FC_04592,190123_NB502075_0260_AHG5GYAFXY,1,LIB038101,Maxs_1_15_2019,GEN00142071,c18_B6,TTGACTCT-AGGCGAAG,1_18-2_7,306,c18,B6,,,,,,,,2513460
FC_04592,190123_NB502075_0260_AHG5GYAFXY,1,LIB038101,Maxs_1_15_2019,GEN00142072,c18_B7,TTCCTGCT-TAATCTTA,1_19-2_8,307,c18,B7,,,,,,,,1368241
FC_04592,190123_NB502075_0260_AHG5GYAFXY,1,LIB038101,Maxs_1_15_2019,GEN00142073,c18_B8,TGTGGTTG-TAATCTTA,1_20-2_8,308,c18,B8,,,,,,,,1179876
FC_04592,190123_NB502075_0260_AHG5GYAFXY,1,LIB038101,Maxs_1_15_2019,GEN00142074,c18_B9,TAGTCTTG-TAATCTTA,1_21-2_8,309,c18,B9,,,,,,,,2135848
FC_04592,190123_NB502075_0260_AHG5GYAFXY,1,LIB038101,Maxs_1_15_2019,GEN00142075,c18_B10,TTCCATTG-TAATCTTA,1_22-2_8,310,c18,B10,,,,,,,,1930974
FC_04592,190123_NB502075_0260_AHG5GYAFXY,1,LIB038101,Maxs_1_15_2019,GEN00142076,c18_B11,TCGAAGTG-TAATCTTA,1_23-2_8,311,c18,B11,,,,,,,,2005545
FC_04592,190123_NB502075_0260_AHG5GYAFXY,1,LIB038101,Maxs_1_15_2019,GEN00142077,c18_B12,TAACGCTG-TAATCTTA,1_24-2_8,312,c18,B12,,,,,,,,1872820