nickname,rif,mean_enrichment,se_enrichment,rank_per_conc
rpoB_C_1576_T,12.5,26.33715614,1.384942634,1
rpoB_G_1546_T,12.5,19.08047095,0.836762419,2
rpoB_C_1576_A,12.5,15.25373511,0.324639859,3
rpoB_C_1576_G,12.5,8.353747434,0.421892683,4
rpoB_A_1547_G,12.5,2.989776415,0.62711194,5
rpoB_C_1535_T,12.5,1.651706556,0.292629837,6
rpoB_CACTCGGCCCAG_1595_nan,12.5,0.187262147,0.066893768,7
rpoB_G_1545_T,12.5,0.024606552,0.024532798,8
rpoB_A_1714_C,12.5,0.020713119,0.004226684,9
rpoB_A_443_T,12.5,0.020516844,0.007644972,10
rpoB_KO,12.5,0.011990041,0.011973378,11
rpoB_C_1721_A,12.5,0.011916571,0.011617579,12
rpoB_A_1538_C,12.5,0.001813483,0.000292878,13
rpoB_CG_1574_TT,12.5,6.07E-05,3.10E-05,14
rpoB_G_1545_A,12.5,2.79E-05,9.83E-06,15
rpoB_A_1657_G,12.5,2.42E-05,3.59E-06,16
rpoB_A_1657_T,12.5,2.36E-05,4.11E-06,17
rpoB_A_1623_T,12.5,2.17E-05,3.54E-06,18
rpoB_C_1576_T,25,29.31060616,0.561738738,1
rpoB_G_1546_T,25,20.75853019,0.626032973,2
rpoB_C_1576_A,25,15.42915883,0.946893728,3
rpoB_C_1576_G,25,8.05944969,0.528559083,4
rpoB_A_1547_G,25,0.753678281,0.09478811,5
rpoB_C_1535_T,25,0.55750442,0.097612759,6
rpoB_CACTCGGCCCAG_1595_nan,25,0.224427344,0.018257885,7
rpoB_A_1538_C,25,0.002688075,0.000832577,8
rpoB_A_1623_T,25,0.0005881,0.000558389,9
rpoB_A_443_T,25,0.000159705,0.000106816,10
rpoB_C_1721_A,25,0.000159277,0.000129162,11
rpoB_KO,25,5.01E-05,1.32E-05,12
rpoB_A_1714_C,25,3.50E-05,1.20E-05,13
rpoB_A_1657_G,25,3.15E-05,3.05E-06,14
rpoB_A_1657_T,25,3.05E-05,2.78E-06,15
rpoB_CG_1574_TT,25,3.00E-05,2.43E-06,16
rpoB_G_1545_T,25,2.28E-05,2.05E-06,17
rpoB_G_1545_A,25,2.08E-05,1.83E-06,18
rpoB_C_1576_T,50,34.1325632,1.238004269,1
rpoB_G_1546_T,50,19.27657174,1.536995174,2
rpoB_C_1576_A,50,11.70438846,0.798997603,3
rpoB_C_1576_G,50,10.41976387,0.626656327,4
rpoB_CACTCGGCCCAG_1595_nan,50,0.075194012,0.011849456,5
rpoB_A_1547_G,50,0.041378676,0.029532505,6
rpoB_C_1535_T,50,0.035667499,0.018662663,7
rpoB_A_1657_G,50,0.031094688,0.031049812,8
rpoB_A_443_T,50,0.030436801,0.030388493,9
rpoB_G_1545_A,50,0.024198779,0.024168905,10
rpoB_A_1538_C,50,0.003315332,0.000330184,11
rpoB_C_1721_A,50,5.41E-05,1.23E-05,12
rpoB_A_1657_T,50,4.26E-05,2.52E-06,13
rpoB_CG_1574_TT,50,4.19E-05,1.97E-06,14
rpoB_A_1714_C,50,4.17E-05,1.24E-05,15
rpoB_A_1623_T,50,3.94E-05,2.09E-06,16
rpoB_KO,50,3.54E-05,1.68E-06,17
rpoB_G_1545_T,50,3.18E-05,1.75E-06,18
rpoB_C_1576_T,100,40.40153431,1.316260854,1
rpoB_G_1546_T,100,18.44024007,0.262283706,2
rpoB_C_1576_G,100,11.79821085,0.465101392,3
rpoB_C_1576_A,100,5.783145207,0.645876314,4
rpoB_CACTCGGCCCAG_1595_nan,100,0.016433227,0.008497309,5
rpoB_A_1547_G,100,0.011483955,0.010973866,6
rpoB_A_1538_C,100,0.003624671,0.001472948,7
rpoB_C_1535_T,100,0.001537112,0.001497789,8
rpoB_A_443_T,100,8.24E-05,3.63E-05,9
rpoB_C_1721_A,100,7.56E-05,3.77E-05,10
rpoB_A_1657_G,100,4.51E-05,6.33E-06,11
rpoB_A_1714_C,100,4.42E-05,1.63E-05,12
rpoB_A_1657_T,100,4.40E-05,7.06E-06,13
rpoB_CG_1574_TT,100,4.31E-05,6.38E-06,14
rpoB_A_1623_T,100,4.05E-05,6.05E-06,15
rpoB_KO,100,3.64E-05,5.21E-06,16
rpoB_G_1545_T,100,3.27E-05,4.75E-06,17
rpoB_G_1545_A,100,2.99E-05,4.44E-06,18